ds,y
1/6/12,5.3
2/6/12,5.3
3/6/12,5.2
4/6/12,5.3
5/6/12,5.4
6/6/12,5.5
7/6/12,5.6
8/6/12,5.6
9/6/12,5.6
10/6/12,5.5
11/6/12,5.6
12/6/12,5.7
13/6/12,5.9
14/6/12,5.9
15/6/12,6.5
16/6/12,6.4
17/6/12,6.2
18/6/12,6.3
19/6/12,6.5
20/6/12,6.7
21/6/12,6.7
22/6/12,6.6
23/6/12,6.4
24/6/12,6.3
25/6/12,6.3
26/6/12,6.4
27/6/12,6.7
28/6/12,6.6
29/6/12,6.7
30/6/12,6.7
1/7/12,6.6
2/7/12,6.8
3/7/12,6.4
4/7/12,6.5
5/7/12,6.7
6/7/12,6.7
7/7/12,6.8
8/7/12,6.8
9/7/12,7
10/7/12,7.2
11/7/12,7.2
12/7/12,7.8
13/7/12,7.7
14/7/12,7.5
15/7/12,7.6
16/7/12,8.5
17/7/12,8.8
18/7/12,9.1
19/7/12,8.9
20/7/12,8.5
21/7/12,8.9
22/7/12,8.4
23/7/12,8.4
24/7/12,8.6
25/7/12,8.8
26/7/12,8.9
27/7/12,8.9
28/7/12,8.9
29/7/12,8.7
30/7/12,9.1
31/7/12,9.4
1/8/12,9.6
2/8/12,10.5
3/8/12,11
4/8/12,11
5/8/12,10.9
6/8/12,10.9
7/8/12,11.1
8/8/12,11.1
9/8/12,11.1
10/8/12,11.4
11/8/12,11.5
12/8/12,11.6
13/8/12,12
14/8/12,12.2
15/8/12,13.3
16/8/12,13.5
17/8/12,11.6
18/8/12,11.6
19/8/12,8
20/8/12,10.1
21/8/12,9.9
22/8/12,9.8
23/8/12,10.1
24/8/12,10.6
25/8/12,10.5
26/8/12,10.6
27/8/12,10.9
28/8/12,10.9
29/8/12,10.9
30/8/12,10.8
31/8/12,10.2
1/9/12,10
2/9/12,10.2
3/9/12,10.5
4/9/12,10.4
5/9/12,11
6/9/12,11.2
7/9/12,11
8/9/12,11
9/9/12,11
10/9/12,11.2
11/9/12,11.3
12/9/12,11.4
13/9/12,11.4
14/9/12,11.7
15/9/12,11.8
16/9/12,11.9
17/9/12,11.9
18/9/12,12.3
19/9/12,12.6
20/9/12,12.3
21/9/12,12.4
22/9/12,12.2
23/9/12,12.2
24/9/12,12.1
25/9/12,12.2
26/9/12,12.3
27/9/12,12.3
28/9/12,12.4
29/9/12,12.4
30/9/12,12.4
1/10/12,12.4
2/10/12,12.8
3/10/12,12.9
4/10/12,12.9
5/10/12,12.7
6/10/12,12.5
7/10/12,11.8
8/10/12,11.8
9/10/12,11.9
10/10/12,12.1
11/10/12,12
12/10/12,12
13/10/12,11.9
14/10/12,11.7
15/10/12,11.8
16/10/12,11.9
17/10/12,11.8
18/10/12,11.9
19/10/12,11.7
20/10/12,11.7
21/10/12,11.6
22/10/12,11.7
23/10/12,11.6
24/10/12,11.6
25/10/12,10.9
26/10/12,10.2
27/10/12,10.3
28/10/12,10.7
29/10/12,10.6
30/10/12,10.9
31/10/12,11.2
1/11/12,10.6
2/11/12,10.5
3/11/12,10.6
4/11/12,10.8
5/11/12,10.8
6/11/12,10.9
7/11/12,10.9
8/11/12,10.9
9/11/12,10.8
10/11/12,10.9
11/11/12,10.9
12/11/12,11
13/11/12,10.9
14/11/12,10.9
15/11/12,11.2
16/11/12,11.8
17/11/12,11.8
18/11/12,11.6
19/11/12,11.8
20/11/12,11.7
21/11/12,11.8
22/11/12,12.4
23/11/12,12.3
24/11/12,12.4
25/11/12,12.5
26/11/12,12.3
27/11/12,12.2
28/11/12,12.4
29/11/12,12.4
30/11/12,12.6
1/12/12,12.6
2/12/12,12.5
3/12/12,12.7
4/12/12,13.4
5/12/12,13.4
6/12/12,13.3
7/12/12,13.5
8/12/12,13.4
9/12/12,13.4
10/12/12,13.4
11/12/12,13.6
12/12/12,13.7
13/12/12,13.7
14/12/12,13.6
15/12/12,13.5
16/12/12,13.3
17/12/12,13.3
18/12/12,13.3
19/12/12,13.6
20/12/12,13.5
21/12/12,13.5
22/12/12,13.4
23/12/12,13.3
24/12/12,13.4
25/12/12,13.4
26/12/12,13.5
27/12/12,13.4
28/12/12,13.4
29/12/12,13.4
30/12/12,13.4
31/12/12,13.5
1/1/13,13.3
2/1/13,13.3
3/1/13,13.4
4/1/13,13.5
5/1/13,13.4
6/1/13,13.4
7/1/13,13.6
8/1/13,13.7
9/1/13,13.8
10/1/13,14.1
11/1/13,14.1
12/1/13,14.2
13/1/13,14.1
14/1/13,14.3
15/1/13,14.3
16/1/13,14.7
17/1/13,15.5
18/1/13,15.7
19/1/13,15.6
20/1/13,15.7
21/1/13,16.8
22/1/13,17.3
23/1/13,17.5
24/1/13,16.9
25/1/13,17.4
26/1/13,17.9
27/1/13,17.8
28/1/13,18.7
29/1/13,19.5
30/1/13,19.7
31/1/13,20.4
1/2/13,20.5
2/2/13,19.6
3/2/13,20.6
4/2/13,20.4
5/2/13,20.6
6/2/13,21.2
7/2/13,22.1
8/2/13,22.7
9/2/13,23.6
10/2/13,24
11/2/13,24.6
12/2/13,25.2
13/2/13,24.2
14/2/13,27.2
15/2/13,27.1
16/2/13,27.2
17/2/13,26.8
18/2/13,27
19/2/13,29.4
20/2/13,29.6
21/2/13,29.8
22/2/13,30.3
23/2/13,29.8
24/2/13,29.9
25/2/13,30.4
26/2/13,31.1
27/2/13,30.9
28/2/13,33.4
1/3/13,34.5
2/3/13,34.3
3/3/13,34.5
4/3/13,36.2
5/3/13,40.3
6/3/13,41
7/3/13,42
8/3/13,44.2
9/3/13,46.8
10/3/13,46
11/3/13,48.4
12/3/13,44.3
13/3/13,46.9
14/3/13,47.2
15/3/13,47
16/3/13,47
17/3/13,47.4
18/3/13,51.6
19/3/13,59.1
20/3/13,64.5
21/3/13,70.8
22/3/13,69.9
23/3/13,64.3
24/3/13,71.5
25/3/13,73.6
26/3/13,78.5
27/3/13,88.9
28/3/13,86.2
29/3/13,90.5
30/3/13,92.2
31/3/13,93
1/4/13,104
2/4/13,118
3/4/13,135
4/4/13,132.1
5/4/13,142.3
6/4/13,142.6
7/4/13,162.3
8/4/13,187.5
9/4/13,230
10/4/13,165
11/4/13,124.9
12/4/13,117
13/4/13,93
14/4/13,90
15/4/13,82.4
16/4/13,68.4
17/4/13,93.1
18/4/13,109
19/4/13,118.5
20/4/13,126.6
21/4/13,119.2
22/4/13,127.4
23/4/13,143.5
24/4/13,154.2
25/4/13,141.7
26/4/13,136.9
27/4/13,128
28/4/13,134.4
29/4/13,144
30/4/13,139.2
1/5/13,116.4
2/5/13,106.3
3/5/13,98.1
4/5/13,112.9
5/5/13,116
6/5/13,112.3
7/5/13,109.6
8/5/13,113.2
9/5/13,112.8
10/5/13,117.7
11/5/13,115.6
12/5/13,114.8
13/5/13,118
14/5/13,111.4
15/5/13,114.2
16/5/13,118.2
17/5/13,123.5
18/5/13,123.2
19/5/13,122.5
20/5/13,122
21/5/13,122.9
22/5/13,123.8
23/5/13,126.3
24/5/13,133.1
25/5/13,132
26/5/13,133.5
27/5/13,129.8
28/5/13,129
29/5/13,132.3
30/5/13,128.8
31/5/13,128.8
1/6/13,129.3
2/6/13,122.5
3/6/13,120.7
4/6/13,121.4
5/6/13,121.9
6/6/13,119
7/6/13,111
8/6/13,107.9
9/6/13,100.4
10/6/13,106.3
11/6/13,109
12/6/13,108.8
13/6/13,103.9
14/6/13,100
15/6/13,99.8
16/6/13,99.9
17/6/13,101.9
18/6/13,107.3
19/6/13,108.3
20/6/13,111.3
21/6/13,109.5
22/6/13,108.2
23/6/13,107.9
24/6/13,102.1
25/6/13,103.3
26/6/13,104
27/6/13,101.7
28/6/13,94.7
29/6/13,95
30/6/13,97.5
1/7/13,84.6
2/7/13,87.7
3/7/13,76.9
4/7/13,77.7
5/7/13,66.3
6/7/13,66.8
7/7/13,72.5
8/7/13,74.6
9/7/13,74.2
10/7/13,84.5
11/7/13,91.2
12/7/13,88.5
13/7/13,91.4
14/7/13,90.4
15/7/13,93.1
16/7/13,92.7
17/7/13,90.5
18/7/13,85.4
19/7/13,85.8
20/7/13,85.7
21/7/13,85.5
22/7/13,86.1
23/7/13,86.9
24/7/13,87.5
25/7/13,89.4
26/7/13,90.6
27/7/13,89.1
28/7/13,92.1
29/7/13,93.3
30/7/13,96.3
31/7/13,97.9
1/8/13,96.4
2/8/13,97.2
3/8/13,96.7
4/8/13,96.6
5/8/13,96.9
6/8/13,97.1
7/8/13,96.9
8/8/13,94.8
9/8/13,93.4
10/8/13,93.3
11/8/13,94.2
12/8/13,95.1
13/8/13,97.9
14/8/13,98
15/8/13,97.5
16/8/13,98.3
17/8/13,99.6
18/8/13,98.8
19/8/13,102.3
20/8/13,105
21/8/13,111.4
22/8/13,109.7
23/8/13,107.6
24/8/13,108.7
25/8/13,111.8
26/8/13,112.2
27/8/13,117.4
28/8/13,117.6
29/8/13,117.5
30/8/13,123.2
31/8/13,129.5
1/9/13,128.3
2/9/13,127.4
3/9/13,127.6
4/9/13,120.6
5/9/13,120.5
6/9/13,116.3
7/9/13,119.1
8/9/13,116.6
9/9/13,120
10/9/13,121.5
11/9/13,125.4
12/9/13,125.8
13/9/13,126.5
14/9/13,124.1
15/9/13,124.6
16/9/13,125.1
17/9/13,126
18/9/13,126.3
19/9/13,124.2
20/9/13,122.9
21/9/13,122.6
22/9/13,122.7
23/9/13,122.2
24/9/13,122.5
25/9/13,123.4
26/9/13,123.5
27/9/13,123.5
28/9/13,124.8
29/9/13,125.2
30/9/13,123.1
1/10/13,125.5
2/10/13,99.8
3/10/13,116.8
4/10/13,121.3
5/10/13,121.1
6/10/13,121.7
7/10/13,123.2
8/10/13,124.3
9/10/13,125.8
10/10/13,125.7
11/10/13,125.5
12/10/13,126.5
13/10/13,130.4
14/10/13,133
15/10/13,138.6
16/10/13,137.4
17/10/13,142.7
18/10/13,149.6
19/10/13,159.8
20/10/13,163.1
21/10/13,174.2
22/10/13,183.9
23/10/13,200.6
24/10/13,183.1
25/10/13,178.1
26/10/13,175.9
27/10/13,185.7
28/10/13,187.9
29/10/13,198.2
30/10/13,194.6
31/10/13,198.2
1/11/13,198.5
2/11/13,200.9
3/11/13,207.6
4/11/13,225.2
5/11/13,239.3
6/11/13,253.7
7/11/13,283.3
8/11/13,323.8
9/11/13,336.1
10/11/13,311.9
11/11/13,338.6
12/11/13,350.2
13/11/13,387.7
14/11/13,418
15/11/13,400
16/11/13,435.3
17/11/13,473.3
18/11/13,585.2
19/11/13,599
20/11/13,550
21/11/13,700
22/11/13,760
23/11/13,842.2
24/11/13,813.7
25/11/13,782.8
26/11/13,849.6
27/11/13,948
28/11/13,1010
29/11/13,1107.5
30/11/13,1112.4
1/12/13,955
2/12/13,998.1
3/12/13,1048
4/12/13,1145
5/12/13,1030.6
6/12/13,872.6
7/12/13,800.6
8/12/13,730
9/12/13,935.8
10/12/13,1023
11/12/13,921.8
12/12/13,900.5
13/12/13,912.6
14/12/13,897.9
15/12/13,864.9
16/12/13,704.8
17/12/13,731.9
18/12/13,551.4
19/12/13,702
20/12/13,599
21/12/13,607.7
22/12/13,622.1
23/12/13,640.4
24/12/13,647.3
26/12/13,740
27/12/13,718.9
28/12/13,701
29/12/13,714.3
30/12/13,737.2
31/12/13,727.7
1/1/14,740.3
2/1/14,775
3/1/14,812.1
4/1/14,801.8
5/1/14,904
6/1/14,934.5
7/1/14,791
8/1/14,828.5
9/1/14,850
10/1/14,834.7
11/1/14,896.9
12/1/14,888.1
13/1/14,818.4
14/1/14,826.9
15/1/14,839.7
16/1/14,824
17/1/14,789
18/1/14,800
19/1/14,830
20/1/14,823.4
21/1/14,810
22/1/14,807
23/1/14,816.2
24/1/14,781.9
25/1/14,810
26/1/14,809.7
27/1/14,760.3
28/1/14,795
29/1/14,800
30/1/14,803.9
31/1/14,800
1/2/14,814.6
3/2/14,810
4/2/14,813
5/2/14,791
6/2/14,771.6
7/2/14,720
8/2/14,690
9/2/14,710
10/2/14,706.3
11/2/14,658.9
12/2/14,685
13/2/14,634.3
14/2/14,682
15/2/14,653.4
16/2/14,608
17/2/14,663.8
18/2/14,628
19/2/14,630.4
20/2/14,578.9
21/2/14,568
22/2/14,595.2
23/2/14,619
24/2/14,562.4
25/2/14,515
26/2/14,582
27/2/14,579
28/2/14,565
1/3/14,568.2
2/3/14,560.6
3/3/14,658
4/3/14,668
5/3/14,675
6/3/14,663
7/3/14,621
8/3/14,614.1
9/3/14,621
10/3/14,615
11/3/14,615
12/3/14,650
13/3/14,642
14/3/14,630
15/3/14,641.6
16/3/14,635
17/3/14,624.3
18/3/14,618.4
19/3/14,611
20/3/14,583.5
21/3/14,568.8
22/3/14,560
23/3/14,566.2
24/3/14,590
25/3/14,582
26/3/14,595
27/3/14,498.5
28/3/14,497.4
29/3/14,491.9
30/3/14,464.1
31/3/14,452
1/4/14,482.8
2/4/14,443.3
3/4/14,448.8
4/4/14,450
5/4/14,460.8
6/4/14,453.7
7/4/14,454.2
8/4/14,448.8
9/4/14,442.5
10/4/14,370
11/4/14,416.3
12/4/14,415
13/4/14,404.2
14/4/14,459
15/4/14,515
16/4/14,522.3
17/4/14,500.7
18/4/14,490.5
19/4/14,505
20/4/14,512.5
21/4/14,497
22/4/14,488
23/4/14,490.2
24/4/14,497.5
25/4/14,460
26/4/14,459
27/4/14,441.5
28/4/14,448
29/4/14,434
30/4/14,448.3
1/5/14,459
2/5/14,453.5
3/5/14,440.5
4/5/14,430.9
5/5/14,427
6/5/14,430
7/5/14,438
8/5/14,442.8
9/5/14,446
10/5/14,451.1
11/5/14,432
12/5/14,440
13/5/14,437.3
14/5/14,444
15/5/14,442
16/5/14,442.3
17/5/14,442
18/5/14,438.8
19/5/14,439
20/5/14,476
21/5/14,477.6
22/5/14,502.3
23/5/14,509.5
24/5/14,502.3
25/5/14,566.2
26/5/14,575
27/5/14,570
28/5/14,577
29/5/14,573
30/5/14,629
31/5/14,635.6
1/6/14,646.5
2/6/14,669.5
3/6/14,682.9
4/6/14,652.3
5/6/14,663.3
6/6/14,655
7/6/14,663
8/6/14,662.3
9/6/14,653.7
10/6/14,653.6
11/6/14,637.1
12/6/14,590
13/6/14,582.6
14/6/14,554.4
15/6/14,571
16/6/14,580
17/6/14,614.3
18/6/14,611.5
19/6/14,602
20/6/14,601
21/6/14,601.6
22/6/14,607.8
23/6/14,599.3
24/6/14,587.3
25/6/14,568.1
26/6/14,577.9
27/6/14,606.2
28/6/14,600.1
29/6/14,603.7
30/6/14,640
1/7/14,650.8
2/7/14,647.9
3/7/14,643.6
4/7/14,632.2
5/7/14,630
6/7/14,633.3
7/7/14,624
8/7/14,618.5
9/7/14,620.2
10/7/14,610
11/7/14,625.5
12/7/14,626
13/7/14,624
14/7/14,622.4
15/7/14,620.9
16/7/14,621
17/7/14,627.6
18/7/14,627.5
19/7/14,625.3
20/7/14,618.9
21/7/14,619.8
22/7/14,612.6
23/7/14,617.2
24/7/14,600.3
25/7/14,598
26/7/14,594
27/7/14,590.5
28/7/14,586.4
29/7/14,575
30/7/14,551
31/7/14,579
1/8/14,594.9
2/8/14,587.8
3/8/14,582.1
4/8/14,581.1
5/8/14,575
6/8/14,577.5
7/8/14,582.3
8/8/14,586.4
9/8/14,583.3
10/8/14,580
11/8/14,572.5
12/8/14,566
13/8/14,549
14/8/14,510
15/8/14,506.2
16/8/14,527.2
17/8/14,501.3
18/8/14,478.2
19/8/14,490.3
20/8/14,517
21/8/14,515.9
22/8/14,515.6
23/8/14,500.1
24/8/14,507.3
25/8/14,502.5
26/8/14,508.4
27/8/14,511
28/8/14,507.8
29/8/14,507.5
30/8/14,499
31/8/14,483.4
1/9/14,485.8
2/9/14,476.8
3/9/14,474
4/9/14,489.2
5/9/14,477.6
6/9/14,481.3
7/9/14,479.7
8/9/14,470.4
9/9/14,472.7
10/9/14,477.3
11/9/14,477.1
12/9/14,471.8
13/9/14,478.1
14/9/14,476.5
15/9/14,469.9
16/9/14,465.1
17/9/14,456.8
18/9/14,427.2
19/9/14,395.3
20/9/14,411.6
21/9/14,400.7
22/9/14,397.7
23/9/14,429.1
24/9/14,420.4
25/9/14,409.1
26/9/14,403
27/9/14,397.3
28/9/14,374.7
29/9/14,369.6
30/9/14,387.1
1/10/14,383
2/10/14,371.7
3/10/14,357.7
4/10/14,328.7
5/10/14,322.5
6/10/14,323.8
7/10/14,331
8/10/14,350
9/10/14,363.5
10/10/14,359.5
11/10/14,361.3
12/10/14,372
13/10/14,383.4
14/10/14,397.9
15/10/14,393.5
16/10/14,379.3
17/10/14,380.3
18/10/14,390
19/10/14,386.3
20/10/14,381
21/10/14,382.8
22/10/14,380
23/10/14,356
24/10/14,356.1
25/10/14,347.4
26/10/14,350
27/10/14,350.6
28/10/14,353.1
29/10/14,333.2
30/10/14,343.9
31/10/14,337
1/11/14,327.2
2/11/14,322.5
3/11/14,323.6
4/11/14,326.9
5/11/14,337.5
6/11/14,348.5
7/11/14,341.5
8/11/14,345
9/11/14,360
10/11/14,368
11/11/14,367
12/11/14,417.9
13/11/14,419.4
14/11/14,399.1
15/11/14,376.5
16/11/14,388.2
17/11/14,387.6
18/11/14,370
19/11/14,379.2
20/11/14,355.9
21/11/14,349.3
22/11/14,346.4
23/11/14,360.6
24/11/14,373.2
25/11/14,375.8
26/11/14,367.9
27/11/14,369.6
28/11/14,375.6
29/11/14,374.5
30/11/14,376.7
1/12/14,377.6
2/12/14,382
3/12/14,375.7
4/12/14,370.3
5/12/14,378.4
6/12/14,372.8
7/12/14,374.4
8/12/14,363.3
9/12/14,353.9
10/12/14,346.9
11/12/14,350
12/12/14,352.8
13/12/14,350.9
14/12/14,352.7
15/12/14,347.2
16/12/14,330.6
17/12/14,318.2
18/12/14,308.3
19/12/14,315.7
20/12/14,329.1
21/12/14,317.2
22/12/14,329
23/12/14,332.9
24/12/14,322.8
25/12/14,319
26/12/14,328.5
27/12/14,315.9
28/12/14,317.5
29/12/14,311.9
30/12/14,308.8
31/12/14,317
1/1/15,313.9
2/1/15,315.1
3/1/15,282
4/1/15,258.8
5/1/15,273.2
6/1/15,285.4
7/1/15,297
8/1/15,285.6
9/1/15,292.8
10/1/15,275
11/1/15,266.2
12/1/15,267.6
13/1/15,229.8
14/1/15,183.2
15/1/15,217.7
16/1/15,206.7
17/1/15,201.2
18/1/15,209.9
19/1/15,213.2
20/1/15,218
21/1/15,225.5
22/1/15,226.3
23/1/15,235
24/1/15,240
25/1/15,254.5
26/1/15,274.5
27/1/15,263.6
28/1/15,236.1
29/1/15,235
30/1/15,229.1
31/1/15,218.4
1/2/15,229
2/2/15,237.8
3/2/15,228.6
4/2/15,227.1
5/2/15,216.8
6/2/15,223.2
7/2/15,229
8/2/15,224
9/2/15,221.1
10/2/15,220.9
11/2/15,219.8
12/2/15,222.4
13/2/15,236.1
14/2/15,257.2
15/2/15,235.9
16/2/15,233.6
17/2/15,244
18/2/15,236.3
19/2/15,240.2
20/2/15,244.5
21/2/15,245.6
22/2/15,236.5
23/2/15,239.4
24/2/15,239.7
25/2/15,238
26/2/15,236.9
27/2/15,255
28/2/15,255.7
1/3/15,262.4
2/3/15,277.3
3/3/15,283.8
4/3/15,273.3
5/3/15,277.7
6/3/15,273.2
7/3/15,277
8/3/15,275.6
9/3/15,291
10/3/15,292.7
11/3/15,296.7
12/3/15,295.6
13/3/15,283.3
14/3/15,282.6
15/3/15,286.9
16/3/15,291.2
17/3/15,285.3
18/3/15,257.3
19/3/15,261.9
20/3/15,262.2
21/3/15,260.5
22/3/15,268.8
23/3/15,267.2
24/3/15,246
25/3/15,245.9
26/3/15,249.2
27/3/15,246.5
28/3/15,252.9
29/3/15,242.4
30/3/15,247.9
31/3/15,244.3
1/4/15,246.9
2/4/15,253.2
3/4/15,254.2
4/4/15,253.6
5/4/15,260.5
6/4/15,255.6
7/4/15,253.7
8/4/15,244.9
9/4/15,243.6
10/4/15,236.1
11/4/15,236.9
12/4/15,236.4
13/4/15,225
14/4/15,220.2
15/4/15,224
16/4/15,228.5
17/4/15,222.4
18/4/15,223.1
19/4/15,222.2
20/4/15,224.2
21/4/15,235.8
22/4/15,234.1
23/4/15,236
24/4/15,231.4
25/4/15,226.1
26/4/15,219.7
27/4/15,227.7
28/4/15,225.3
29/4/15,225.2
30/4/15,236.1
1/5/15,231.8
2/5/15,234.8
3/5/15,240.7
4/5/15,238.5
5/5/15,235.9
6/5/15,229.3
7/5/15,237.3
8/5/15,244.5
9/5/15,242.5
10/5/15,240.6
11/5/15,242.5
12/5/15,241.8
13/5/15,235.8
14/5/15,236.7
15/5/15,237.3
16/5/15,235.7
17/5/15,236.2
18/5/15,232.8
19/5/15,231.7
20/5/15,234.2
21/5/15,235.3
22/5/15,241
23/5/15,238.8
24/5/15,240.9
25/5/15,237.1
26/5/15,237.4
27/5/15,236.9
28/5/15,236.9
29/5/15,236.5
30/5/15,232.5
31/5/15,228.7
1/6/15,222
2/6/15,224.7
3/6/15,225.1
4/6/15,223.2
5/6/15,224.5
6/6/15,225.6
7/6/15,223.3
8/6/15,228.8
9/6/15,229.1
10/6/15,228.6
11/6/15,229.8
12/6/15,229.4
13/6/15,232.9
14/6/15,233.5
15/6/15,237
16/6/15,252.1
17/6/15,248.9
18/6/15,249.5
19/6/15,244.6
20/6/15,245.4
21/6/15,244.3
22/6/15,246.7
23/6/15,244.3
24/6/15,239.8
25/6/15,242.1
26/6/15,243.3
27/6/15,251.6
28/6/15,248.7
29/6/15,256.7
30/6/15,262.9
1/7/15,258.1
2/7/15,254.5
3/7/15,256
4/7/15,260.6
5/7/15,265.2
6/7/15,274.8
7/7/15,265.5
8/7/15,270.8
9/7/15,269.2
10/7/15,286.7
12/7/15,311.1
13/7/15,292.6
14/7/15,286.9
15/7/15,285.4
16/7/15,278.9
17/7/15,279.9
18/7/15,277.3
19/7/15,275
20/7/15,280.3
21/7/15,275.8
22/7/15,278
23/7/15,276.5
24/7/15,288.6
25/7/15,289.4
26/7/15,293
27/7/15,294.8
28/7/15,295.2
29/7/15,289.9
30/7/15,288.2
31/7/15,284.5
1/8/15,280.3
2/8/15,282.5
3/8/15,281.3
4/8/15,285.5
5/8/15,282.6
6/8/15,279.1
7/8/15,280.1
8/8/15,261.3
9/8/15,265.6
10/8/15,265.1
11/8/15,272
12/8/15,267.1
13/8/15,264.5
14/8/15,266.1
15/8/15,262.1
16/8/15,259.9
17/8/15,258.5
18/8/15,183
19/8/15,226.2
20/8/15,235.5
21/8/15,232.2
22/8/15,230.3
23/8/15,228.5
24/8/15,210.5
25/8/15,222.7
26/8/15,226.2
27/8/15,225.8
28/8/15,231.8
29/8/15,230.8
30/8/15,230
31/8/15,231.4
1/9/15,228.2
2/9/15,229.7
3/9/15,227.3
4/9/15,230.9
5/9/15,235.8
6/9/15,241
7/9/15,240.9
8/9/15,244.2
9/9/15,238.9
10/9/15,239.5
11/9/15,240.6
12/9/15,235.8
13/9/15,231
14/9/15,230.9
15/9/15,230.9
16/9/15,229
17/9/15,233.6
18/9/15,233.8
19/9/15,232.1
20/9/15,232.1
21/9/15,227.2
22/9/15,231.3
23/9/15,230.5
24/9/15,234.6
25/9/15,235.3
26/9/15,234.6
27/9/15,233.4
28/9/15,240.4
29/9/15,236.8
30/9/15,236.5
1/10/15,238.5
2/10/15,237.9
3/10/15,239.8
4/10/15,239.5
5/10/15,242
6/10/15,247.4
7/10/15,244.2
8/10/15,243
9/10/15,244.8
10/10/15,246
11/10/15,247.9
12/10/15,246.1
13/10/15,251.3
14/10/15,253.5
15/10/15,255.2
16/10/15,263.5
17/10/15,272.9
18/10/15,265
19/10/15,265
20/10/15,271
21/10/15,267.8
22/10/15,275.8
23/10/15,279.2
24/10/15,284.2
25/10/15,284.8
26/10/15,287.2
27/10/15,295.2
28/10/15,304.5
29/10/15,314.9
30/10/15,328.2
31/10/15,316
1/11/15,330.7
2/11/15,365
3/11/15,405.3
4/11/15,409.2
5/11/15,388
6/11/15,375.6
7/11/15,384.6
8/11/15,374
9/11/15,381
10/11/15,340.2
11/11/15,314
12/11/15,336.6
13/11/15,338.5
14/11/15,333.4
15/11/15,321.1
16/11/15,332.1
17/11/15,336.3
18/11/15,336
19/11/15,326.5
20/11/15,322.2
21/11/15,327.5
22/11/15,324.7
23/11/15,323.6
24/11/15,320.1
25/11/15,329.9
26/11/15,354
27/11/15,358.9
28/11/15,358.7
29/11/15,373.3
30/11/15,376.9
1/12/15,362.7
2/12/15,359.1
3/12/15,360.7
4/12/15,363.2
5/12/15,390
6/12/15,390.6
7/12/15,396.7
8/12/15,420.8
9/12/15,418.7
10/12/15,414.9
11/12/15,456.3
12/12/15,435.7
13/12/15,433
14/12/15,442.6
15/12/15,466.5
16/12/15,455
17/12/15,455.8
18/12/15,463.5
19/12/15,462.5
20/12/15,442.6
21/12/15,437.9
22/12/15,435.6
23/12/15,442.6
24/12/15,456.1
25/12/15,455.5
26/12/15,416.5
27/12/15,422.4
28/12/15,420.2
29/12/15,431.9
30/12/15,424.7
31/12/15,429
1/1/16,434
2/1/16,432.7
3/1/16,428.7
4/1/16,432.9
5/1/16,431.8
6/1/16,428
7/1/16,459
8/1/16,454
9/1/16,449.2
10/1/16,449.4
11/1/16,449.3
12/1/16,432
13/1/16,431.1
14/1/16,429.3
15/1/16,358.9
16/1/16,388.4
17/1/16,382.1
18/1/16,387
19/1/16,379
20/1/16,419.4
21/1/16,411
22/1/16,381
23/1/16,385.6
24/1/16,402.8
25/1/16,391
26/1/16,391.3
27/1/16,395
28/1/16,378.4
29/1/16,377.6
30/1/16,377
31/1/16,365.5
1/2/16,371.4
2/2/16,372.9
3/2/16,369
4/2/16,389.8
5/2/16,386.5
6/2/16,373.8
7/2/16,372
8/2/16,370.5
9/2/16,374
10/2/16,380.9
11/2/16,378
12/2/16,383
13/2/16,393
14/2/16,408.3
15/2/16,399.9
16/2/16,407.3
17/2/16,414.9
18/2/16,421.5
19/2/16,420
20/2/16,438.7
21/2/16,440.5
22/2/16,440.3
23/2/16,421.1
24/2/16,426.4
25/2/16,424.9
26/2/16,435.3
27/2/16,434.2
28/2/16,434.5
29/2/16,439.2
1/3/16,434.8
2/3/16,422.2
3/3/16,420.6
4/3/16,408.8
5/3/16,397.4
6/3/16,403.9
7/3/16,412.7
8/3/16,411.4
9/3/16,412.9
10/3/16,416.5
11/3/16,420.5
12/3/16,410
13/3/16,411.8
14/3/16,416
15/3/16,415.5
16/3/16,417.3
17/3/16,418.8
18/3/16,407.7
19/3/16,408.4
20/3/16,411.3
21/3/16,411.9
22/3/16,417.7
23/3/16,418.1
24/3/16,415.3
25/3/16,416
26/3/16,416.7
27/3/16,427.4
28/3/16,424.1
29/3/16,415.8
30/3/16,413.2
31/3/16,416
1/4/16,417.6
2/4/16,420.3
3/4/16,420.6
4/4/16,420.5
5/4/16,423.8
6/4/16,422.6
7/4/16,422.3
8/4/16,418.5
9/4/16,418.5
10/4/16,421.3
11/4/16,423.7
12/4/16,426.6
13/4/16,424.8
14/4/16,426
15/4/16,431.5
16/4/16,432
17/4/16,428.5
18/4/16,430
19/4/16,437.8
20/4/16,444
21/4/16,452
22/4/16,447.8
23/4/16,453.7
24/4/16,463
25/4/16,461.8
26/4/16,468.1
27/4/16,445.1
28/4/16,450.5
29/4/16,455.3
30/4/16,446.6
1/5/16,451.1
2/5/16,443.7
3/5/16,450.4
4/5/16,447.4
5/5/16,448.4
6/5/16,461.2
7/5/16,460.2
8/5/16,459.9
9/5/16,461.6
10/5/16,450.7
11/5/16,452.3
12/5/16,455
13/5/16,455.8
14/5/16,455.8
15/5/16,457.9
16/5/16,453
17/5/16,453.2
18/5/16,453.5
19/5/16,435
20/5/16,441.6
21/5/16,440.8
22/5/16,437.5
23/5/16,443.7
24/5/16,445
25/5/16,449.1
26/5/16,454
27/5/16,472
28/5/16,527
29/5/16,531
30/5/16,532.9
31/5/16,530.7
1/6/16,536.8
2/6/16,538.8
3/6/16,570.9
4/6/16,572.7
5/6/16,574
6/6/16,585.2
7/6/16,576.9
8/6/16,583
9/6/16,575.5
10/6/16,580.1
11/6/16,614.5
12/6/16,671
13/6/16,705.9
14/6/16,684.5
15/6/16,696.9
16/6/16,769.5
17/6/16,748.7
18/6/16,757.6
19/6/16,767.3
20/6/16,743.9
21/6/16,668.9
22/6/16,606
23/6/16,625.8
24/6/16,666
25/6/16,664.9
26/6/16,627.4
27/6/16,662.2
28/6/16,646.3
29/6/16,639.7
30/6/16,674.7
1/7/16,674.8
2/7/16,705
3/7/16,659.3
4/7/16,681.3
5/7/16,667.8
6/7/16,677
7/7/16,640.5
8/7/16,664.8
9/7/16,648.1
10/7/16,649.7
11/7/16,648
12/7/16,667.2
13/7/16,653.7
14/7/16,659.8
15/7/16,665.5
16/7/16,665.3
17/7/16,683.2
18/7/16,674.3
19/7/16,675
20/7/16,665.8
21/7/16,665
22/7/16,648
23/7/16,654
24/7/16,661.8
25/7/16,654.2
26/7/16,648.5
27/7/16,654.5
29/7/16,658.3
30/7/16,655
31/7/16,623.7
1/8/16,608
2/8/16,604
3/8/16,0
4/8/16,0
5/8/16,0
6/8/16,0
7/8/16,604.1
8/8/16,604.1
9/8/16,604.1
10/8/16,590.3
11/8/16,591.3
12/8/16,585.5
13/8/16,583.7
14/8/16,569.4
15/8/16,564.6
16/8/16,574.2
17/8/16,571.8
18/8/16,572.2
19/8/16,573.5
20/8/16,582
21/8/16,581.4
22/8/16,588
23/8/16,583.5
24/8/16,580.3
25/8/16,577.2
26/8/16,578
27/8/16,568.5
28/8/16,574.2
29/8/16,574.8
30/8/16,579.5
31/8/16,576.2
1/9/16,572.7
2/9/16,579.8
3/9/16,609.9
4/9/16,614.5
5/9/16,611.5
6/9/16,615.2
7/9/16,619.8
8/9/16,631.7
9/9/16,626.3
10/9/16,628
11/9/16,612.1
12/9/16,611.6
13/9/16,614.2
14/9/16,613.9
15/9/16,611.8
16/9/16,610
17/9/16,607.7
18/9/16,613
19/9/16,609.8
20/9/16,600
21/9/16,597.4
22/9/16,597.1
23/9/16,603.3
24/9/16,602.5
25/9/16,600.4
26/9/16,609.1
27/9/16,605.5
28/9/16,603.8
29/9/16,604.6
30/9/16,611.1
1/10/16,614.1
2/10/16,609.1
3/10/16,612.6
4/10/16,611
5/10/16,614.1
6/10/16,613.5
7/10/16,620.1
8/10/16,620.5
9/10/16,616.6
10/10/16,618.9
11/10/16,641.7
12/10/16,637.6
13/10/16,637
14/10/16,643
15/10/16,640.2
16/10/16,644.2
17/10/16,639.8
18/10/16,638.8
19/10/16,631.8
20/10/16,632.5
21/10/16,636.7
22/10/16,665
23/10/16,659
24/10/16,654.7
25/10/16,659.5
26/10/16,678.7
27/10/16,688.7
28/10/16,693.5
29/10/16,714.5
30/10/16,702.5
31/10/16,704.1
14/11/16,707.4
15/11/16,712.2
16/11/16,745
17/11/16,740.7
18/11/16,754
19/11/16,752.9
20/11/16,729.7
21/11/16,739
22/11/16,750
23/11/16,742
24/11/16,737.7
25/11/16,740.4
26/11/16,731.2
27/11/16,725
28/11/16,731.5
29/11/16,731
30/11/16,739
1/12/16,755.4
2/12/16,774.9
3/12/16,765.3
4/12/16,768.5
5/12/16,750.6
6/12/16,757.4
7/12/16,765
8/12/16,765
9/12/16,770.5
10/12/16,772.9
11/12/16,770.2
12/12/16,778
13/12/16,775
14/12/16,774.5
15/12/16,777.4
16/12/16,784.2
17/12/16,791
18/12/16,790.2
19/12/16,790.6
20/12/16,798
21/12/16,830
22/12/16,859.2
23/12/16,919
24/12/16,895.2
25/12/16,898
26/12/16,906.4
27/12/16,936.3
28/12/16,981.7
29/12/16,972.6
30/12/16,959.3
31/12/16,966.6
1/1/17,999
2/1/17,1019.3
3/1/17,1037.5
4/1/17,1139.6
5/1/17,1003.2
6/1/17,898
7/1/17,908.8
8/1/17,915.9
9/1/17,903
10/1/17,905.8
11/1/17,778.6
12/1/17,804.6
13/1/17,828.1
14/1/17,815.3
15/1/17,820.7
16/1/17,830.1
17/1/17,904
18/1/17,887.8
19/1/17,900.3
20/1/17,896
21/1/17,924
22/1/17,923.7
23/1/17,910
24/1/17,886.1
25/1/17,893.3
26/1/17,915.1
27/1/17,916.7
28/1/17,919.4
29/1/17,912.6
30/1/17,917.4
31/1/17,966.2
1/2/17,983.7
2/2/17,1005.7
3/2/17,1015.7
4/2/17,1031.1
5/2/17,1006.6
6/2/17,1022.6
7/2/17,1052.1
8/2/17,1048.8
9/2/17,985
10/2/17,992
11/2/17,1000.3
12/2/17,996
13/2/17,996.5
14/2/17,1013.7
15/2/17,1013.8
16/2/17,1038.4
17/2/17,1056.2
18/2/17,1059.8
19/2/17,1056.2
20/2/17,1091.2
21/2/17,1129.6
22/2/17,1125.3
23/2/17,1190.9
24/2/17,1185.1
25/2/17,1153
26/2/17,1178.3
27/2/17,1195.5
28/2/17,1189.1
1/3/17,1232.8
2/3/17,1262.3
3/3/17,1288.2
4/3/17,1267.8
5/3/17,1278.4
6/3/17,1279.3
7/3/17,1232.4
8/3/17,1149.3
9/3/17,1190.4
10/3/17,1113.6
11/3/17,1172.8
12/3/17,1225.2
13/3/17,1238.5
14/3/17,1245
15/3/17,1256.1
16/3/17,1169
17/3/17,1068.4
18/3/17,971
19/3/17,1016.1
20/3/17,1039
21/3/17,1115
22/3/17,1039.1
23/3/17,1033
24/3/17,943.1
25/3/17,972.2
26/3/17,969
27/3/17,1042.7
28/3/17,1044.7
29/3/17,1041.8
30/3/17,1041
31/3/17,1081.7
1/4/17,1093.2
2/4/17,1107.6
3/4/17,1150.2
4/4/17,1145
5/4/17,1140.6
6/4/17,1191.5
7/4/17,1196.6
8/4/17,1188.1
9/4/17,1215.9
10/4/17,1220.3
11/4/17,1235.6
12/4/17,1227.4
13/4/17,1187
14/4/17,1206.8
15/4/17,1193.3
16/4/17,1212
17/4/17,1240
18/4/17,1265.4
19/4/17,1260.5
20/4/17,1308.4
21/4/17,1325.6
22/4/17,1347.5
23/4/17,1355.2
24/4/17,1345
25/4/17,1370.3
26/4/17,1399.3
27/4/17,1440.3
28/4/17,1415.6
29/4/17,1423.6
30/4/17,1435.2
1/5/17,1533.1
2/5/17,1560
3/5/17,1617.8
4/5/17,1607.1
5/5/17,1545.1
6/5/17,1597.1
7/5/17,1619.9
8/5/17,1703.2
9/5/17,1760
10/5/17,1796.8
11/5/17,1853.9
12/5/17,1735
13/5/17,1820.4
14/5/17,1828.1
15/5/17,1772.5
16/5/17,1785.7
17/5/17,1870
18/5/17,1941.5
19/5/17,1966.5
20/5/17,2059.7
21/5/17,2029.2
22/5/17,2085.5
23/5/17,2249.3
24/5/17,2394.8
25/5/17,2252
26/5/17,2127.3
27/5/17,1972.3
28/5/17,2056.6
29/5/17,2207.4
30/5/17,2146.7
31/5/17,2191.8
1/6/17,2311.6
2/6/17,2405.9
3/6/17,2461
4/6/17,2488.2
5/6/17,2636.2
6/6/17,2843.6
7/6/17,2642.6
8/6/17,2782.1
9/6/17,2809
10/6/17,2806
11/6/17,2936.3
12/6/17,2571.8
13/6/17,2676.4
14/6/17,2395
15/6/17,2377.4
16/6/17,2437
17/6/17,2610
18/6/17,2491.5
19/6/17,2580.8
20/6/17,2712.2
21/6/17,2621.2
22/6/17,2672.8
23/6/17,2674.9
24/6/17,2502.6
25/6/17,2477.7
26/6/17,2394.6
27/6/17,2521.2
28/6/17,2518.2
29/6/17,2470.1
30/6/17,2420.7
1/7/17,2349.5
2/7/17,2445
3/7/17,2524
4/7/17,2582.6
5/7/17,2598.5
6/7/17,2593.1
7/7/17,2479.3
8/7/17,2542
9/7/17,2478
10/7/17,2318.3
11/7/17,2282.1
12/7/17,2374.4
13/7/17,2329
14/7/17,2205.1
15/7/17,1978.6
16/7/17,1924.9
17/7/17,2219
18/7/17,2302.1
19/7/17,2253.1
20/7/17,2856.3
21/7/17,2664
22/7/17,2845.7
23/7/17,2747.5
24/7/17,2769.7
25/7/17,2560.9
26/7/17,2525.7
27/7/17,2664.9
28/7/17,2784.8
29/7/17,2714.1
30/7/17,2749
31/7/17,2856
1/8/17,2731.2
2/8/17,2702
3/8/17,2790.3
4/8/17,2860
5/8/17,3256.4
6/8/17,3227.9
7/8/17,3396.7
8/8/17,3415
9/8/17,3339.9
10/8/17,3407.9
11/8/17,3644.1
12/8/17,3865.5
13/8/17,4053.3
14/8/17,4319.5
15/8/17,4151.9
16/8/17,4386.3
17/8/17,4260
18/8/17,4090.2
19/8/17,4145.1
20/8/17,4064.3
21/8/17,4002.5
22/8/17,4074
23/8/17,4129.1
24/8/17,4325.2
25/8/17,4351.5
26/8/17,4341.7
27/8/17,4331.8
28/8/17,4383.8
29/8/17,4587.1
30/8/17,4569
31/8/17,4718.2
1/9/17,4904.9
2/9/17,4534.4
3/9/17,4595
4/9/17,4200.4
5/9/17,4374.9
6/9/17,4589.1
7/9/17,4613.5
8/9/17,4305.8
9/9/17,4317.9
10/9/17,4232.1
11/9/17,4203
12/9/17,4142.9
13/9/17,3849.7
14/9/17,3238.1
15/9/17,3698
16/9/17,3685.4
17/9/17,3666.3
18/9/17,4084.1
19/9/17,3900
20/9/17,3873.2
21/9/17,3603.4
22/9/17,3598.5
23/9/17,3779.6
24/9/17,3652.8
25/9/17,3930
26/9/17,3879.1
27/9/17,4205.4
28/9/17,4190
29/9/17,4169.9
30/9/17,4367
1/10/17,4404.3
2/10/17,4400.1
3/10/17,4311.1
4/10/17,4215.1
5/10/17,4315.4
6/10/17,4371
7/10/17,4436
8/10/17,4613.1
9/10/17,4782.3
10/10/17,4777
11/10/17,4824.9
12/10/17,5428.5
13/10/17,5636.8
14/10/17,5835
15/10/17,5698.6
16/10/17,5764.4
17/10/17,5597.1
18/10/17,5565
19/10/17,5694
20/10/17,5984.5
21/10/17,6005.1
22/10/17,5980.5
23/10/17,5906.9
24/10/17,5509.5
25/10/17,5720
26/10/17,5890
27/10/17,5759.6
28/10/17,5720.6
29/10/17,6156
30/10/17,6125.3
31/10/17,6458.3
1/11/17,6727.3
2/11/17,7019.9
3/11/17,7278.4
4/11/17,7369
5/11/17,7382
6/11/17,6955
7/11/17,7103.3
8/11/17,7442.4
9/11/17,7126.2
10/11/17,6542.2
11/11/17,6300.7
12/11/17,5822.1
13/11/17,6474.6
14/11/17,6579.2
15/11/17,7278.3
16/11/17,7864.2
17/11/17,7677.9
18/11/17,7773.3
19/11/17,8054.2
20/11/17,8245.1
21/11/17,8097.3
22/11/17,8230.1
23/11/17,7977.1
24/11/17,8191.6
25/11/17,8766.2
26/11/17,9316
27/11/17,9728.8
28/11/17,9898
29/11/17,9749.4
30/11/17,9907
1/12/17,10869
2/12/17,10881
3/12/17,11157
4/12/17,11595
5/12/17,11595
6/12/17,13527
7/12/17,16601
8/12/17,15869
9/12/17,14660
10/12/17,14997
11/12/17,16754
12/12/17,16967
13/12/17,16181
14/12/17,16383
15/12/17,17522
16/12/17,19187
17/12/17,18971
18/12/17,18934
19/12/17,17345
20/12/17,16425
21/12/17,15666.8
22/12/17,13170
23/12/17,14035
24/12/17,13476
25/12/17,13623
26/12/17,15679
27/12/17,15374
28/12/17,14315
29/12/17,14317
30/12/17,12377
31/12/17,13800
1/1/18,13354
2/1/18,14709.8
3/1/18,15155
4/1/18,15160
5/1/18,16917
6/1/18,17161
7/1/18,16196
8/1/18,14930
9/1/18,14423
10/1/18,14896
11/1/18,13266
12/1/18,13783
13/1/18,14191
14/1/18,13558
15/1/18,13575
16/1/18,11072
17/1/18,11082
18/1/18,11045
19/1/18,11476
20/1/18,12728
21/1/18,11514
22/1/18,10771
23/1/18,10819
24/1/18,11414
25/1/18,11146
26/1/18,11070
27/1/18,11461
28/1/18,11839
29/1/18,11212
30/1/18,10175
31/1/18,10284
1/2/18,9181.1
2/2/18,8895.8
3/2/18,9219.4
4/2/18,8200
5/2/18,6949.9
6/2/18,7673.8
7/2/18,7587
8/2/18,8235.1
9/2/18,8683.2
10/2/18,8563.1
11/2/18,8069
12/2/18,8900.6
13/2/18,8515.9
14/2/18,9455.4
15/2/18,9996.9
16/2/18,10162
17/2/18,11053.5
18/2/18,10372
19/2/18,11173
20/2/18,11218
21/2/18,10455
22/2/18,9830
23/2/18,10145
24/2/18,9666.3
25/2/18,9557.4
26/2/18,10321
27/2/18,10569
28/2/18,10315
1/3/18,10925
2/3/18,11025
3/3/18,11440
4/3/18,11501
5/3/18,11416
6/3/18,10720
7/3/18,9902.9
8/3/18,9300
9/3/18,9217
10/3/18,8762
11/3/18,9528
12/3/18,9121
13/3/18,9135
14/3/18,8186.6
15/3/18,8252.9
16/3/18,8251
17/3/18,7851
18/3/18,8200.2
19/3/18,8600.1
20/3/18,8899.7
21/3/18,8900.1
22/3/18,8706.4
23/3/18,8908
24/3/18,8535
25/3/18,8445.1
26/3/18,8119.1
27/3/18,7784.5
28/3/18,7936.1
29/3/18,7094
30/3/18,6840.4
31/3/18,6925.3
1/4/18,6810
2/4/18,7052.7
3/4/18,7405.6
4/4/18,6785.9
5/4/18,6765
6/4/18,6610.2
7/4/18,6892.6
8/4/18,7023.9
9/4/18,6764.6
10/4/18,6839.3
11/4/18,6943.1
12/4/18,7912
13/4/18,7885.8
14/4/18,8002.9
15/4/18,8354.1
16/4/18,8056.2
17/4/18,7889.9
18/4/18,8166.3
19/4/18,8272.8
20/4/18,8866.1
21/4/18,8919.1
22/4/18,8800
23/4/18,8940
24/4/18,9644.4
25/4/18,8878.4
26/4/18,9279.3
27/4/18,8920.1
28/4/18,9345.3
29/4/18,9398.6
30/4/18,9240
1/5/18,9067
2/5/18,9236.4
3/5/18,9762.1
4/5/18,9702.8
5/5/18,9859.6
6/5/18,9658.7
7/5/18,9370
8/5/18,9184.7
9/5/18,9318.2
10/5/18,9018.7
11/5/18,8412.4
12/5/18,8462.7
13/5/18,8683.6
14/5/18,8670.8
15/5/18,8467.5
16/5/18,8336.1
17/5/18,8051.8
18/5/18,8239
19/5/18,8232.3
20/5/18,8523.7
21/5/18,8393.4
22/5/18,7977.3
23/5/18,7494.8
24/5/18,7576.7
25/5/18,7458
26/5/18,7330.3
27/5/18,7339.7
28/5/18,7097.9
29/5/18,7460
30/5/18,7375.1
31/5/18,7485.8
1/6/18,7521
2/6/18,7638.1
3/6/18,7718
4/6/18,7488.3
5/6/18,7621.7
6/6/18,7654
7/6/18,7688.9
8/6/18,7615.1
9/6/18,7498.6
10/6/18,6757.3
11/6/18,6873.3
12/6/18,6543.9
13/6/18,6295.2
14/6/18,6633.7
15/6/18,6385
16/6/18,6485.9
17/6/18,6435.7
18/6/18,6709.2
19/6/18,6737.5
20/6/18,6760.4
21/6/18,6713.5
22/6/18,6042.6
23/6/18,6152
24/6/18,6148
25/6/18,6246.6
26/6/18,6078.5
27/6/18,6133.1
28/6/18,5850
29/6/18,6208.1
30/6/18,6391.5
1/7/18,6349.7
2/7/18,6581.3
3/7/18,6500
4/7/18,6590
5/7/18,6540.2
6/7/18,6602.1
7/7/18,6761.7
8/7/18,6707
9/7/18,6666.7
10/7/18,6301.5
11/7/18,6377.8
12/7/18,6249
13/7/18,6220
14/7/18,6250.1
15/7/18,6347.2
16/7/18,6729.2
17/7/18,7319.8
18/7/18,7379.4
19/7/18,7473.5
20/7/18,7333.1
21/7/18,7403.3
22/7/18,7400.5
23/7/18,7719.8
24/7/18,8394.5
25/7/18,8176
26/7/18,7939
27/7/18,8185.7
28/7/18,8246.4
29/7/18,8221
30/7/18,8179.6
31/7/18,7730.6
1/8/18,7608.8
2/8/18,7535.2
3/8/18,7420
4/8/18,7013.2
5/8/18,7025.8
6/8/18,6941.3
7/8/18,6720.5
8/8/18,6279.2
9/8/18,6529.1
10/8/18,6146.8
11/8/18,6232.7
12/8/18,6313.9
13/8/18,6251.9
14/8/18,6189
15/8/18,6270.1
16/8/18,6314
17/8/18,6583.3
18/8/18,6391.2
19/8/18,6485.1
20/8/18,6255.9
21/8/18,6479.1
22/8/18,6354.9
23/8/18,6527.2
24/8/18,6695.9
25/8/18,6732.9
26/8/18,6708.4
27/8/18,6909.5
28/8/18,7079.7
29/8/18,7000.0
30/8/18,7054.3
31/8/18,6932.7
1/9/18,6981.9
2/9/18,7100.9
3/9/18,7247.9
4/9/18,7260.9
5/9/18,7326.9
6/9/18,7113.1
7/9/18,6433.3
8/9/18,6444.8
9/9/18,6366.1
10/9/18,6286.4
11/9/18,6297.9
12/9/18,6296.3
13/9/18,6273.1
14/9/18,6450.2
15/9/18,6499.1
16/9/18,6518.7
17/9/18,6480.6
18/9/18,6400.6
19/9/18,6296.6
20/9/18,6335.8
21/9/18,6418.6
22/9/18,6670.0
23/9/18,6709.3
24/9/18,6710.4
25/9/18,6639.3
26/9/18,6412.5
27/9/18,6468.6
28/9/18,6535.5
29/9/18,6677.3
30/9/18,6550.5
1/10/18,6593.1
2/10/18,6591.0
3/10/18,6562.6
4/10/18,6470.4
5/10/18,6563.6
6/10/18,6568.5
7/10/18,6581.5
8/10/18,6558.5
9/10/18,6618.6
10/10/18,6621.7
11/10/18,6563.0
12/10/18,6248.6
13/10/18,6260.5
14/10/18,6260.6
15/10/18,6299.4
16/10/18,6452.6
17/10/18,6596.6
18/10/18,6596.3
19/10/18,6568.0
20/10/18,6487.4
21/10/18,6488.8
22/10/18,6531.6
23/10/18,6498.5
24/10/18,6481.4
25/10/18,6508.3
26/10/18,6478.1
27/10/18,6473.8
28/10/18,6465.9
29/10/18,6448.2
30/10/18,6382.7
31/10/18,6309.5
1/11/18,6310.3
2/11/18,6342.3
3/11/18,6387.7
4/11/18,6363.8
5/11/18,6391.9
6/11/18,6437.0
7/11/18,6445.4
8/11/18,6538.8
9/11/18,6486.3
10/11/18,6411.3
11/11/18,6399.0
12/11/18,6378.3
13/11/18,6401.9
14/11/18,6372.1
15/11/18,6176.2
16/11/18,5615.2
17/11/18,5596.2
18/11/18,5558.2
19/11/18,5606.0
20/11/18,5303.9
21/11/18,4672.0
22/11/18,4533.7
23/11/18,4548.8
24/11/18,4309.3
25/11/18,4293.8
26/11/18,3823.5
27/11/18,3920.5
28/11/18,3751.7
29/11/18,4103.5
30/11/18,4263.8
1/12/18,4106.9
2/12/18,4116.8
3/12/18,4167.5
4/12/18,3967.5
5/12/18,3961.5
6/12/18,3858.3
7/12/18,3742.9
8/12/18,3405.6
9/12/18,3435.3
10/12/18,3528.8
11/12/18,3524.0
12/12/18,3426.2
13/12/18,3462.0
14/12/18,3406.8
15/12/18,3278.4
16/12/18,3225.3
17/12/18,3271.2